{"kpts0": [243.0, 82.0, 567.0, 176.0, 73.0, 179.0, 576.0, 187.0, 511.0, 191.0, 532.0, 191.0, 549.0, 192.0, 343.0, 201.0, 508.0, 203.0, 580.0, 204.0, 535.0, 216.0, 71.0, 226.0, 79.0, 239.0, 585.0, 239.0, 588.0, 248.0, 372.0, 256.0, 418.0, 259.0, 430.0, 259.0, 461.0, 260.0, 57.0, 261.0, 471.0, 262.0, 497.0, 263.0, 513.0, 263.0, 611.0, 265.0, 605.0, 266.0, 558.0, 267.0, 595.0, 270.0, 629.0, 270.0, 612.0, 284.0, 616.0, 294.0, 519.0, 301.0, 619.0, 311.0, 546.0, 312.0, 608.0, 312.0, 536.0, 313.0, 522.0, 320.0, 503.0, 322.0, 554.0, 324.0, 438.0, 328.0, 469.0, 328.0, 423.0, 330.0, 379.0, 334.0, 430.0, 334.0, 352.0, 338.0, 260.0, 359.0, 81.0, 363.0], "kpts1": [28.0, 19.0, 108.0, 32.0, 110.0, 62.0, 255.0, 65.0, 235.0, 66.0, 23.0, 71.0, 272.0, 77.0, 118.0, 79.0, 126.0, 80.0, 134.0, 80.0, 150.0, 80.0, 169.0, 82.0, 30.0, 83.0, 21.0, 85.0, 237.0, 85.0, 221.0, 88.0, 112.0, 89.0, 211.0, 89.0, 138.0, 92.0, 14.0, 93.0, 169.0, 96.0, 196.0, 96.0, 218.0, 97.0, 235.0, 97.0, 185.0, 98.0, 212.0, 101.0, 276.0, 101.0, 25.0, 102.0, 121.0, 103.0, 129.0, 103.0, 229.0, 105.0, 200.0, 106.0, 187.0, 107.0, 144.0, 108.0, 242.0, 110.0, 212.0, 112.0, 23.0, 115.0, 123.0, 117.0, 215.0, 117.0, 125.0, 127.0, 143.0, 128.0, 243.0, 128.0, 24.0, 130.0, 233.0, 130.0, 224.0, 131.0, 204.0, 132.0, 286.0, 133.0, 279.0, 134.0, 194.0, 136.0, 175.0, 138.0, 135.0, 141.0, 145.0, 141.0, 27.0, 142.0, 117.0, 143.0, 273.0, 143.0], "matches": [11, -1, -1, -1, -1, 17, 23, -1, -1, -1, -1, -1, -1, -1, -1, 20, -1, -1, 24, -1, -1, 21, -1, -1, -1, -1, 25, 22, -1, -1, -1, -1, 41, -1, -1, -1, 44, 43, 48, 45, -1, 49, -1, -1, 53, -1], "confidence": [0.9698814153671265, 0.0, 0.0, 0.0, 0.0, 0.052525442093610764, 0.15599913895130157, 0.0, 0.0, 0.0, 0.0, 0.0, 0.0, 0.0, 0.0, 0.799429714679718, 0.0, 0.0, 0.3571583330631256, 0.0, 0.0, 0.376480370759964, 0.0, 0.0, 0.0, 0.0, 0.14137022197246552, 0.10069716721773148, 0.0, 0.0, 0.0, 0.0, 0.13599658012390137, 0.0, 0.0, 0.0, 0.06750061362981796, 0.057651545852422714, 0.07316328585147858, 0.10136613249778748, 0.0, 0.07113467901945114, 0.0, 0.0, 0.462016761302948, 0.0]}