{"kpts0": [395.5, 45.5, 515.5, 75.5, 531.5, 108.5, 604.5, 115.5, 508.5, 131.5, 502.5, 135.5, 523.5, 132.5, 619.5, 133.5, 252.5, 147.5, 51.5, 163.5, 64.5, 163.5, 500.5, 163.5, 499.5, 164.5, 507.5, 164.5, 67.5, 172.5, 513.5, 172.5, 67.5, 180.5, 491.5, 184.5, 76.5, 195.5, 498.5, 195.5, 67.5, 196.5, 509.5, 205.5, 549.5, 211.5, 84.5, 219.5, 249.5, 219.5, 595.5, 227.5, 554.5, 229.5, 52.5, 236.5, 67.5, 236.5, 84.5, 243.5, 483.5, 243.5, 516.5, 243.5, 492.5, 251.5, 515.5, 244.5, 612.5, 251.5, 516.5, 259.5, 588.5, 259.5, 618.5, 259.5, 39.5, 260.5, 476.5, 260.5, 491.5, 267.5, 500.5, 263.5, 565.5, 267.5, 588.5, 267.5, 596.5, 268.5, 613.5, 268.5, 474.5, 283.5, 595.5, 282.5, 596.5, 276.5, 571.5, 291.5, 618.5, 291.5, 346.5, 292.5, 436.5, 297.5, 255.5, 301.5, 403.5, 307.5, 618.5, 300.5, 333.5, 308.5, 358.5, 315.5, 324.5, 322.5, 471.5, 319.5, 539.5, 316.5, 484.5, 331.5, 443.5, 338.5, 545.5, 332.5, 556.5, 339.5, 99.5, 363.5, 115.5, 363.5], "kpts1": [143.3682878282335, 47.80203399658203, 49.846030341254334, 27.673287582397464, 219.425788031684, 36.740899658203126, 189.62418450249564, 81.0070556640625, 252.32440016004773, 25.651452255249026, 251.3003234863281, 28.68107299804688, 266.70231119791663, 32.7138729095459, 206.07446289062497, 90.06471824645998, 112.52705044216579, 35.73661499023438, 12.837248060438366, 24.648211669921878, 25.21304999457465, 25.651390838623048, 243.08976915147568, 49.80556716918946, 231.76426527235242, 45.79174499511719, 235.87531365288626, 45.792604827880865, 27.22093031141493, 28.68537216186524, 244.09308200412323, 53.833638000488286, 26.205384996202255, 48.824068069458015, 220.46498277452255, 56.84176292419434, 29.307913886176213, 57.85697975158692, 230.73761664496524, 64.89778175354004, 26.206012301974823, 55.84570808410645, 235.86922878689234, 71.94693641662599, 112.52955966525606, 98.13228340148926, 33.406039767795136, 95.0793857574463, 107.43194749620224, 40.75023841857911, 149.55314636230466, 99.0941905975342, 109.48649936252168, 46.78429908752442, 12.832355075412325, 102.19143104553224, 25.173592461480034, 102.17515563964845, 31.35932922363281, 107.15954475402833, 181.40045674641925, 90.06533241271974, 235.89425828721787, 90.05476875305176, 20.053020901150173, 66.88927726745607, 27.18210008409288, 62.89074783325196, 139.26426527235242, 89.02167968750001, 235.9044206407335, 96.11597557067871, 210.21286180284287, 97.08169059753419, 206.08644443088104, 97.08906059265138, 123.85255432128905, 113.17100410461427, 196.88355509440103, 96.11910781860352, 19.998508029513886, 74.95549125671387, 24.196061876085068, 72.95668716430664, 153.6860877143012, 97.08328742980957, 167.02794053819443, 94.06048393249513, 120.81959364149304, 103.0919216156006, 173.19222344292533, 95.13373947143556, 231.7542283799913, 105.1696460723877, 165.99081590440537, 104.17684631347657, 213.2817671034071, 104.17488098144533, 157.77072652180988, 108.1600830078125, 174.23129272460935, 106.17116699218751, 165.97105577256943, 120.260018157959, 181.425298055013, 123.25407867431642, 113.58500162760416, 119.25475082397462, 137.19622633192273, 119.22815742492676, 175.2095760769314, 116.23440399169922, 161.90335422092014, 130.3363983154297, 171.129642062717, 131.328768157959, 127.97922261555988, 138.38621406555177, 220.42245144314234, 132.34766998291016, 149.55138990614148, 102.09832344055177, 171.1586235894097, 137.3300937652588, 183.4836764865451, 137.30693969726565, 246.13891432020398, 136.37199440002442, 254.37964206271698, 138.34174842834474, 36.474631415473084, 136.3414089202881, 42.660556369357636, 135.33945808410647], "matches": [0, 1, 2, 3, 4, 5, 6, 7, 8, 9, 10, 11, 12, 13, 14, 15, 16, 17, 18, 19, 20, 21, 22, 23, 24, 25, 26, 27, 28, 29, 30, 31, 32, 33, 34, 35, 36, 37, 38, 39, 40, 41, 42, 43, 44, 45, 46, 47, 48, 49, 50, 51, 52, 53, 54, 55, 56, 57, 58, 59, 60, 61, 62, 63, 64, 65, 66], "confidence": [0.10778049379587173, 0.1715715378522873, 0.11627954244613647, 0.16821888089179993, 0.3251515328884125, 0.11163085699081421, 0.10033243149518967, 0.12237924337387085, 0.105660580098629, 0.11286205798387527, 0.576205313205719, 0.14363743364810944, 0.11561064422130585, 0.27093401551246643, 0.14951452612876892, 0.2094472348690033, 0.26322197914123535, 0.11220376193523407, 0.21683716773986816, 0.10600540786981583, 0.2282172292470932, 0.12615901231765747, 0.15380150079727173, 0.27594512701034546, 0.18285661935806274, 0.3422837555408478, 0.13165032863616943, 0.15941622853279114, 0.12939567863941193, 0.24661533534526825, 0.109206922352314, 0.42555832862854004, 0.19273413717746735, 0.2564893066883087, 0.6027293801307678, 0.1721111387014389, 0.21186622977256775, 0.18236447870731354, 0.12931884825229645, 0.21803240478038788, 0.34430769085884094, 0.3223217725753784, 0.26017042994499207, 0.164817214012146, 0.2448505461215973, 0.4320162832736969, 0.11446857452392578, 0.3335796594619751, 0.13438138365745544, 0.2637493312358856, 0.6128789782524109, 0.11431524902582169, 0.14389067888259888, 0.2610166072845459, 0.12808264791965485, 0.17610429227352142, 0.1970868557691574, 0.2548929750919342, 0.1489393711090088, 0.16165293753147125, 0.20505376160144806, 0.11384027451276779, 0.14170359075069427, 0.15315569937229156, 0.14716215431690216, 0.2894860506057739, 0.10415099561214447]}